<?xml version="1.0" encoding="UTF-8"?>
<project-private xmlns="http://www.netbeans.org/ns/project-private/1">
    <editor-bookmarks xmlns="http://www.netbeans.org/ns/editor-bookmarks/2" lastBookmarkId="0"/>
    <open-files xmlns="http://www.netbeans.org/ns/projectui-open-files/2">
        <group>
            <file>file:/C:/Users/WINDOWS%2010/Documents/NetBeansProjects/busTicketBookingManagementSystem/src/busticketbookingmanagementsystem/dashboardController.java</file>
            <file>file:/C:/Users/WINDOWS%2010/Documents/NetBeansProjects/busTicketBookingManagementSystem/src/busticketbookingmanagementsystem/customerData.java</file>
            <file>file:/C:/Users/WINDOWS%2010/Documents/NetBeansProjects/busTicketBookingManagementSystem/src/busticketbookingmanagementsystem/database.java</file>
            <file>file:/C:/Users/WINDOWS%2010/Documents/NetBeansProjects/busTicketBookingManagementSystem/src/busticketbookingmanagementsystem/getData.java</file>
            <file>file:/C:/Users/WINDOWS%2010/Documents/NetBeansProjects/busTicketBookingManagementSystem/src/busticketbookingmanagementsystem/FXMLDocumentController.java</file>
            <file>file:/C:/Users/WINDOWS%2010/Documents/NetBeansProjects/busTicketBookingManagementSystem/src/busticketbookingmanagementsystem/busData.java</file>
            <file>file:/C:/Users/WINDOWS%2010/Documents/NetBeansProjects/busTicketBookingManagementSystem/src/busticketbookingmanagementsystem/BusTicketBookingManagementSystem.java</file>
        </group>
    </open-files>
</project-private>
